an,Code_Postal,INSEE_COM,n
2004,01506,01004,1
2010,01506,01004,1
2016,01506,01004,1
2004,01300,01034,1
2010,01300,01034,1
2016,01300,01034,1
2010,01012,01053,1
2016,01012,01053,1
2004,01108,01283,1
2010,01108,01283,1
2016,01117,01283,1
2004,01440,01451,1
2004,02405,02168,1
2010,02405,02168,1
2016,02400,02168,1
2004,02303,02173,1
2010,02303,02173,1
2016,02303,02173,1
2004,02120,02361,1
2004,02500,02381,1
2004,02001,02408,1
2010,02001,02408,1
2016,02001,02408,1
2004,02109,02691,1
2004,02321,02691,1
2010,02109,02691,1
2010,02321,02691,1
2016,02315,02691,1
2016,02321,02691,1
2004,02209,02722,1
2010,02209,02722,1
2016,02209,02722,1
2004,03630,03098,1
2004,03109,03185,1
2010,03109,03185,1
2016,03109,03185,1
2004,03006,03190,1
2010,03006,03190,1
2016,03006,03190,1
2004,03201,03310,1
2010,03201,03310,1
2016,03201,03310,1
2004,04003,04070,1
2010,04003,04070,1
2016,04003,04070,1
2004,04101,04112,1
2010,04101,04112,1
2016,04101,04112,1
2016,04203,04209,1
2004,05105,05023,1
2010,05105,05023,1
2016,05105,05023,1
2004,05200,05046,1
2010,05200,05046,1
2004,05007,05061,1
2010,05007,05061,1
2016,05007,05061,1
2004,06606,06004,1
2010,06600,06004,1
2016,06600,06004,1
2004,06805,06027,1
2010,06800,06027,1
2016,06800,06027,1
2004,06400,06029,1
2004,06401,06029,1
2010,06400,06029,1
2010,06414,06029,1
2016,06400,06029,1
2016,06414,06029,1
2004,06135,06069,1
2010,06135,06069,1
2016,06135,06069,1
2016,06507,06083,1
2004,06105,06088,1
2004,06200,06088,2
2004,06202,06088,1
2010,06105,06088,1
2010,06200,06088,3
2016,06000,06088,1
2016,06004,06088,1
2016,06105,06088,1
2016,06200,06088,2
2004,07103,07010,1
2010,07103,07010,1
2016,07103,07010,1
2004,07205,07019,1
2010,07205,07019,1
2016,07205,07019,1
2004,07500,07102,1
2010,07500,07102,1
2016,07500,07102,1
2004,07000,07186,1
2010,07007,07186,1
2016,07007,07186,1
2004,07320,07204,1
2004,07301,07324,1
2016,07301,07324,1
2004,08011,08105,1
2010,08011,08105,1
2016,08011,08105,1
2004,08300,08362,1
2010,08300,08362,1
2016,08300,08362,1
2004,08209,08409,1
2010,08209,08409,1
2016,08209,08409,1
2004,09017,09122,1
2010,09017,09122,1
2016,09017,09122,1
2004,09201,09261,1
2010,09201,09261,1
2016,09190,09268,1
2004,10105,10323,1
2010,10105,10323,1
2016,10105,10323,1
2004,10003,10387,1
2004,10012,10387,1
2010,10003,10387,1
2010,10012,10387,1
2016,10003,10387,1
2016,10012,10387,1
2004,11890,11069,2
2010,11890,11069,1
2016,11010,11069,1
2016,11890,11069,1
2004,11492,11076,1
2010,11400,11076,1
2004,11108,11262,2
2010,11108,11262,2
2016,11108,11262,2
2004,12300,12089,1
2010,12300,12089,1
2016,12300,12089,1
2004,12106,12145,1
2010,12101,12145,1
2016,12101,12145,1
2004,12008,12202,1
2010,12027,12202,1
2016,12027,12202,1
2004,12400,12208,1
2010,12400,12208,1
2016,12402,12208,1
2004,12200,12300,1
2010,12200,12300,1
2016,12200,12300,1
2004,13540,13001,1
2004,13611,13001,1
2004,13616,13001,1
2010,13081,13001,1
2010,13616,13001,1
2016,13081,13001,1
2016,13100,13001,1
2016,13616,13001,1
2016,13626,13001,1
2004,13637,13004,1
2010,13637,13004,1
2016,13637,13004,1
2004,13400,13005,1
2004,13677,13005,1
2010,13400,13005,1
2010,13675,13005,1
2016,13400,13005,1
2016,13675,13005,1
2004,13708,13028,1
2010,13708,13028,1
2016,13708,13028,1
2004,13698,13056,1
2010,13698,13056,1
2016,13698,13056,1
2004,13657,13103,1
2010,13658,13103,1
2016,13658,13103,1
2004,13127,13117,1
2010,13741,13117,1
2016,13741,13117,1
2004,13385,13205,2
2010,13385,13205,1
2016,13005,13205,1
2004,13006,13206,1
2010,13006,13206,1
2016,13006,13206,1
2004,13285,13208,2
2010,13008,13208,1
2016,13008,13208,1
2004,13012,13212,1
2010,13012,13212,1
2016,13012,13212,1
2004,13015,13215,1
2010,13015,13215,1
2016,13915,13215,1
2004,14401,14047,1
2010,14401,14047,1
2016,14400,14047,1
2004,14033,14118,1
2004,14050,14118,1
2004,14052,14118,1
2010,14033,14118,1
2010,14052,14118,1
2016,14033,14118,1
2016,14052,14118,1
2004,14800,14220,1
2004,14700,14258,1
2010,14700,14258,1
2004,14601,14333,1
2010,14601,14333,1
2004,14107,14366,1
2010,14107,14366,1
2016,14107,14366,1
2004,14504,14762,1
2010,14504,14762,1
2004,15002,15014,1
2010,15002,15014,1
2016,15000,15014,1
2016,15002,15014,1
2004,15200,15120,1
2004,15102,15187,1
2010,15100,15187,1
2016,15102,15187,1
2016,16959,16015,1
2004,16300,16028,1
2004,16108,16102,1
2010,16108,16102,1
2016,16112,16102,1
2004,16340,16166,2
2004,16470,16341,1
2010,16470,16341,1
2010,16800,16374,1
2016,16800,16374,1
2004,17503,17197,1
2004,17301,17299,1
2010,17301,17299,1
2016,17301,17299,1
2004,17019,17300,1
2004,17087,17300,1
2010,17019,17300,1
2010,17087,17300,1
2016,17019,17300,1
2016,17087,17300,1
2004,17200,17306,1
2010,17201,17306,1
2004,17415,17347,1
2010,17415,17347,1
2016,17415,17347,1
2004,17108,17415,1
2010,17108,17415,1
2016,17108,17415,1
2004,18020,18033,1
2010,18020,18033,1
2016,18020,18033,1
2004,18206,18197,1
2010,18206,18197,1
2016,18206,18197,1
2004,18230,18205,1
2010,18230,18205,1
2016,18230,18205,1
2004,18102,18279,1
2010,18102,18279,1
2016,18106,18279,1
2004,19312,19031,2
2004,19316,19031,1
2010,19312,19031,1
2010,19316,19031,1
2016,19312,19031,1
2016,19316,19031,1
2004,19012,19272,1
2010,19012,19272,2
2016,19012,19272,1
2004,19208,19275,1
2010,19208,19275,1
2016,19208,19275,1
2004,21150,21008,1
2004,21203,21054,1
2010,21203,21054,1
2016,21203,21054,1
2004,21400,21154,1
2004,21000,21231,1
2004,21034,21231,1
2010,21000,21231,1
2010,21079,21231,1
2016,21027,21231,1
2016,21079,21231,1
2004,21500,21425,1
2004,21140,21603,1
2010,21140,21603,1
2016,21140,21603,1
2004,22101,22050,1
2010,22101,22050,1
2016,22101,22050,1
2004,22205,22070,1
2010,22205,22070,1
2016,22200,22070,1
2004,22303,22113,1
2010,22303,22113,1
2016,22303,22113,1
2004,22501,22162,1
2016,22501,22162,1
2016,22190,22187,1
2004,22003,22278,1
2004,22023,22278,1
2010,22003,22278,1
2010,22027,22278,1
2016,22023,22278,1
2004,23011,23096,1
2010,23011,23096,1
2016,23011,23096,1
2004,24100,24037,1
2004,24108,24037,1
2010,24108,24037,1
2016,24108,24037,1
2004,24004,24322,1
2004,24019,24322,1
2010,24019,24322,1
2016,24004,24322,1
2016,24019,24322,1
2004,24204,24520,1
2010,24206,24520,1
2016,24206,24520,1
2004,25030,25056,1
2004,25052,25056,1
2010,25030,25056,1
2010,25052,25056,1
2016,25030,25056,1
2016,25052,25056,1
2004,25205,25388,1
2004,25209,25388,1
2010,25205,25388,1
2010,25209,25388,1
2016,25209,25388,1
2004,25304,25462,1
2010,25304,25462,1
2016,25304,25462,1
2004,26401,26108,1
2016,26400,26108,1
2004,26150,26113,1
2010,26150,26113,1
2016,26150,26113,1
2004,26200,26198,2
2010,26216,26198,1
2016,26216,26198,1
2004,26102,26281,1
2010,26102,26281,1
2016,26102,26281,1
2004,26241,26333,1
2004,26000,26362,1
2004,26953,26362,1
2010,26953,26362,1
2016,26953,26362,1
2004,27303,27056,1
2010,27303,27056,1
2016,27303,27056,1
2004,27023,27229,1
2016,27015,27229,1
2004,27140,27284,1
2010,27140,27284,1
2016,27140,27284,1
2004,27406,27375,1
2004,27504,27467,1
2004,27137,27679,1
2004,27207,27681,1
2016,27207,27681,1
2004,28200,28088,1
2010,28200,28088,1
2016,28205,28088,1
2004,28630,28110,1
2010,28630,28110,1
2016,28630,28110,1
2004,28107,28134,1
2010,28107,28134,1
2016,28102,28134,1
2004,28300,28229,1
2010,28300,28229,1
2016,28300,28229,1
2004,28400,28280,1
2004,29229,29019,1
2004,29287,29019,1
2004,29609,29019,1
2010,29220,29019,1
2010,29229,29019,1
2010,29609,29019,1
2016,29220,29019,1
2016,29609,29019,1
2004,29835,29024,1
2010,29835,29024,1
2016,29835,29024,1
2004,29171,29046,1
2004,29207,29103,1
2010,29207,29103,1
2016,29207,29103,1
2004,29672,29151,1
2010,29672,29151,1
2016,29672,29151,1
2004,29107,29232,2
2010,29107,29232,2
2016,29107,29232,1
2004,29391,29233,1
2004,20000,2A004,1
2004,20184,2A004,1
2010,20184,2A004,1
2016,20184,2A004,1
2004,20137,2A247,1
2010,20538,2A247,1
2016,20538,2A247,1
2004,20200,2B033,1
2004,20604,2B033,1
2010,20200,2B033,1
2016,20200,2B033,1
2016,20604,2B033,1
2004,20250,2B096,1
2004,30103,30007,1
2004,30104,30007,1
2010,30103,30007,1
2010,30104,30007,1
2016,30103,30007,1
2016,30104,30007,1
2004,30205,30028,1
2010,30205,30028,1
2016,30205,30028,1
2004,30029,30189,1
2004,30900,30189,1
2004,30932,30189,1
2010,30029,30189,1
2010,30900,30189,1
2010,30932,30189,1
2016,30029,30189,1
2016,30900,30189,1
2016,30932,30189,1
2016,31705,31150,1
2004,31605,31395,1
2010,31605,31395,1
2016,31605,31395,1
2004,31800,31483,1
2010,31800,31483,1
2016,31800,31483,1
2004,31240,31488,1
2004,31059,31555,2
2004,31076,31555,3
2004,31077,31555,1
2004,31400,31555,1
2010,31059,31555,2
2010,31076,31555,2
2010,31077,31555,1
2010,31082,31555,1
2016,31059,31555,1
2016,31076,31555,1
2016,31077,31555,1
2016,31078,31555,1
2016,31082,31555,1
2016,31300,31555,1
2010,31243,31561,1
2016,31243,31561,1
2004,32008,32013,1
2010,32008,32013,1
2016,32008,32013,1
2004,33260,33009,1
2004,33740,33011,1
2010,33740,33011,1
2016,33740,33011,1
2004,33394,33058,1
2010,33390,33058,1
2016,33394,33058,1
2004,33076,33063,1
2004,33077,33063,1
2010,33076,33063,1
2010,33077,33063,1
2016,33076,33063,1
2016,33300,33063,1
2004,33523,33075,1
2010,33523,33075,1
2016,33523,33075,1
2004,33152,33119,1
2004,33212,33227,1
2010,33212,33227,1
2016,33212,33227,1
2004,33340,33240,1
2010,33340,33240,1
2016,33340,33240,1
2004,33505,33243,1
2010,33505,33243,1
2016,33505,33243,1
2010,33310,33249,1
2016,33310,33249,1
2004,33608,33318,1
2010,33608,33318,1
2016,33608,33318,1
2004,33192,33352,1
2004,33401,33522,1
2010,33401,33522,1
2016,33401,33522,1
2010,33260,33529,1
2016,33164,33529,1
2004,34525,34032,1
2004,34535,34032,1
2010,34525,34032,1
2010,34535,34032,1
2016,34525,34032,1
2016,34535,34032,1
2004,34190,34111,1
2010,34190,34111,1
2016,34190,34111,1
2004,34070,34172,1
2004,34295,34172,1
2004,34967,34172,1
2010,34070,34172,1
2010,34295,34172,1
2010,34967,34172,1
2016,34000,34172,1
2016,34075,34172,1
2016,34295,34172,1
2004,34200,34301,1
2004,34207,34301,1
2010,34200,34301,1
2010,34207,34301,1
2016,34200,34301,1
2016,34207,34301,1
2004,35305,35115,1
2010,35305,35115,1
2016,35305,35115,1
2004,35603,35236,1
2010,35603,35236,1
2016,35603,35236,1
2004,35033,35238,1
2004,35043,35238,1
2004,35064,35238,1
2004,35200,35238,1
2010,35043,35238,1
2010,35056,35238,1
2016,35000,35238,1
2016,35043,35238,1
2004,35768,35278,1
2010,35768,35278,1
2016,35768,35278,1
2004,35403,35288,1
2010,35403,35288,1
2016,35403,35288,1
2004,35506,35360,1
2010,35506,35360,1
2016,35506,35360,1
2004,36300,36018,1
2010,36300,36018,1
2016,36300,36018,1
2004,36006,36044,1
2004,36019,36044,1
2010,36019,36044,1
2016,36019,36044,1
2004,36105,36088,1
2016,36105,36088,1
2004,37403,37003,1
2016,37403,37003,1
2004,37171,37050,1
2010,37175,37050,1
2016,37175,37050,1
2004,37502,37072,1
2010,37502,37072,1
2016,37500,37210,1
2004,37044,37261,2
2010,37044,37261,2
2016,37044,37261,2
2004,38300,38053,1
2004,38304,38053,1
2010,38300,38053,2
2016,38300,38053,1
2016,38302,38053,1
2010,38432,38151,1
2016,38130,38151,1
2004,38028,38185,1
2004,38043,38185,1
2004,38100,38185,1
2010,38028,38185,1
2010,38043,38185,1
2016,38028,38185,1
2004,38350,38269,1
2004,38150,38344,1
2010,38150,38344,1
2004,38400,38421,1
2010,38400,38421,1
2016,38400,38421,1
2004,38410,38422,1
2016,38700,38516,1
2004,38209,38544,1
2010,38209,38544,1
2016,38209,38544,1
2004,38506,38563,1
2010,38506,38563,1
2016,38503,38563,1
2016,38506,38563,1
2004,39108,39198,1
2010,39108,39198,1
2016,39108,39198,1
2004,39016,39300,2
2010,39016,39300,1
2016,39016,39300,1
2004,39206,39478,1
2010,39206,39478,1
2016,39206,39478,1
2004,40801,40001,1
2004,40107,40088,1
2010,40107,40088,1
2016,40107,40088,1
2004,40024,40192,1
2010,40024,40192,1
2016,40024,40192,1
2004,41016,41018,1
2004,41034,41018,1
2010,41016,41018,1
2016,41016,41018,1
2010,41260,41047,1
2016,41260,41047,1
2004,41206,41194,1
2010,41206,41194,1
2016,41206,41194,1
2004,41100,41269,1
2010,41100,41269,1
2016,41100,41269,1
2004,42110,42094,1
2010,42110,42094,1
2004,42700,42095,1
2010,42700,42095,1
2016,42700,42095,1
2004,42605,42147,1
2010,42605,42147,1
2016,42605,42147,1
2004,42300,42187,1
2004,42328,42187,1
2010,42328,42187,1
2016,42300,42187,1
2016,42328,42187,1
2004,42403,42207,1
2010,42403,42207,1
2016,42403,42207,1
2004,42026,42218,1
2010,42100,42218,1
2016,42100,42218,1
2004,42277,42275,1
2010,42277,42275,1
2016,42277,42275,1
2004,43012,43157,1
2010,43012,43157,1
2016,43012,43157,1
2004,44156,44003,1
2010,44156,44003,1
2016,44156,44003,1
2004,44146,44036,1
2010,44146,44036,1
2016,44146,44036,1
2004,44046,44109,1
2004,44093,44109,1
2004,44314,44109,2
2010,44046,44109,1
2010,44093,44109,1
2010,44314,44109,1
2016,44046,44109,1
2016,44093,44109,1
2016,44314,44109,1
2004,44819,44162,1
2010,44819,44162,1
2016,44819,44162,1
2004,44600,44184,1
2004,44606,44184,1
2010,44600,44184,1
2010,44606,44184,1
2016,44606,44184,1
2004,45200,45004,1
2010,45200,45004,1
2016,45200,45004,1
2004,45503,45155,1
2010,45503,45155,1
2016,45503,45155,1
2004,45032,45234,1
2010,45032,45234,1
2016,45067,45234,1
2004,45308,45252,1
2010,45307,45252,1
2016,45308,45252,1
2004,45802,45284,1
2010,45802,45284,1
2016,45770,45302,1
2004,46005,46042,1
2010,46005,46042,1
2016,46005,46042,1
2004,46100,46102,1
2004,46300,46127,1
2004,47002,47001,1
2004,47923,47001,1
2010,47002,47001,1
2010,47923,47001,1
2016,47002,47001,1
2016,47923,47001,1
2004,47207,47157,1
2010,47207,47157,1
2016,47207,47157,1
2004,47307,47323,1
2010,47307,47323,1
2016,47305,47323,1
2004,48001,48095,1
2010,48001,48095,1
2016,48000,48095,1
2004,49033,49007,1
2004,49044,49007,2
2010,49044,49007,1
2010,49933,49007,1
2016,49044,49007,1
2016,49933,49007,1
2004,49300,49099,1
2004,49325,49099,1
2010,49300,49099,1
2010,49325,49099,1
2016,49300,49099,1
2016,49325,49099,1
2004,49403,49328,1
2010,49403,49328,1
2016,49403,49328,1
2004,50303,50025,1
2010,50303,50025,1
2016,50303,50025,1
2004,50102,50129,1
2010,50102,50129,1
2016,50102,50129,1
2004,50200,50147,1
2010,50200,50147,1
2016,50200,50147,1
2004,50406,50218,1
2004,50009,50502,1
2010,50009,50502,1
2016,50009,50502,1
2004,50700,50615,1
2004,51005,51108,1
2004,51038,51108,1
2010,51005,51108,1
2016,51005,51108,1
2004,51205,51230,1
2004,51206,51230,1
2010,51205,51230,1
2010,51206,51230,1
2016,51205,51230,1
2016,51206,51230,2
2004,51052,51454,1
2004,51057,51454,1
2004,51092,51454,1
2010,51052,51454,1
2010,51057,51454,1
2010,51092,51454,1
2016,51052,51454,1
2016,51057,51454,1
2016,51092,51454,1
2004,51308,51649,1
2010,51308,51649,1
2016,51308,51649,1
2004,52014,52121,1
2010,52014,52121,1
2016,52014,52121,1
2004,52200,52269,1
2010,52200,52269,1
2016,52200,52269,1
2004,52115,52448,1
2010,52115,52448,1
2016,52115,52448,1
2004,53204,53062,1
2010,53204,53062,1
2016,53204,53062,1
2004,53015,53130,1
2010,53015,53130,1
2016,53015,53130,1
2004,53103,53147,1
2010,53103,53147,1
2016,53103,53147,1
2004,54151,54099,1
2010,54151,54099,1
2016,54151,54099,1
2004,54301,54329,1
2010,54301,54329,1
2016,54301,54329,1
2004,54350,54382,1
2010,54350,54382,1
2016,54350,54382,1
2004,54042,54395,1
2004,54100,54395,1
2010,54000,54395,1
2010,54042,54395,1
2016,54000,54395,1
2016,54042,54395,1
2004,54201,54528,1
2010,54201,54528,1
2016,54201,54528,1
2004,55012,55029,1
2010,55012,55029,1
2016,55005,55029,1
2016,55012,55029,1
2010,55205,55122,1
2004,55107,55545,1
2010,55107,55545,1
2016,55107,55545,1
2004,56322,56121,1
2010,56322,56121,1
2016,56322,56121,1
2016,56920,56151,2
2004,56270,56162,1
2016,56275,56162,1
2004,56800,56165,1
2010,56800,56165,1
2016,56800,56165,1
2004,56306,56178,1
2010,56306,56178,1
2004,56000,56260,1
2004,56017,56260,1
2010,56000,56260,1
2010,56017,56260,1
2016,56000,56260,1
2016,56017,56260,1
2016,57530,57031,1
2004,57233,57089,1
2004,57604,57227,1
2010,57604,57227,1
2016,57604,57227,1
2004,57019,57463,1
2004,57038,57463,1
2004,57045,57463,1
2004,57072,57463,1
2010,57000,57463,1
2010,57072,57463,1
2016,57072,57463,1
2004,57502,57606,1
2004,57504,57606,1
2010,57502,57606,1
2010,57504,57606,1
2016,57504,57606,1
2004,57402,57630,1
2010,57402,57630,1
2016,57402,57630,1
2004,57206,57631,1
2010,57211,57631,1
2016,57211,57631,1
2004,57126,57672,1
2010,57126,57672,1
2016,57109,57672,1
2016,57126,57672,1
2004,58500,58079,1
2004,58200,58086,1
2010,58200,58086,1
2016,58200,58086,1
2004,58302,58095,1
2010,58302,58095,1
2016,58302,58095,1
2004,58033,58194,1
2010,58033,58194,1
2016,58033,58194,1
2004,59650,59009,1
2010,59650,59009,1
2016,59650,59009,1
2004,59421,59017,1
2010,59421,59017,1
2016,59421,59017,1
2004,59400,59122,1
2004,59407,59122,1
2010,59400,59122,1
2010,59407,59122,1
2016,59400,59122,1
2016,59407,59122,1
2004,59360,59136,1
2010,59360,59136,1
2016,59360,59136,1
2010,59963,59163,1
2016,59187,59170,1
2004,59723,59172,1
2010,59723,59172,1
2016,59723,59172,1
2004,59507,59178,1
2010,59507,59178,1
2004,59385,59183,1
2004,59430,59183,1
2004,59941,59183,1
2010,59941,59183,1
2016,59941,59183,1
2004,59611,59249,1
2010,59611,59249,1
2016,59611,59249,1
2004,59760,59271,1
2010,59760,59271,1
2016,59792,59271,1
2004,59524,59295,1
2010,59524,59295,1
2016,59524,59295,1
2004,59552,59329,1
2010,59552,59329,1
2016,59552,59329,1
2004,59813,59343,1
2004,59000,59350,1
2004,59003,59350,1
2004,59024,59350,1
2010,59000,59350,1
2010,59003,59350,1
2010,59020,59350,1
2016,59000,59350,2
2016,59020,59350,1
2004,59700,59378,1
2004,59600,59392,1
2004,59607,59392,1
2010,59603,59392,1
2010,59607,59392,1
2016,59600,59392,1
2016,59607,59392,1
2004,59056,59512,1
2004,59100,59512,1
2010,59056,59512,1
2016,59056,59512,1
2004,59880,59544,1
2010,59880,59544,1
2016,59880,59544,1
2004,59471,59560,1
2010,59471,59560,1
2016,59113,59560,1
2004,59200,59599,1
2004,59208,59599,1
2010,59200,59599,1
2010,59208,59599,1
2016,59200,59599,1
2016,59208,59599,1
2004,59322,59606,1
2010,59322,59606,1
2016,59322,59606,1
2004,59393,59650,1
2010,59393,59650,1
2004,60021,60057,1
2010,60021,60057,1
2016,60021,60057,1
2004,60607,60157,1
2010,60607,60157,1
2016,60600,60157,1
2004,60204,60159,1
2004,60321,60159,1
2010,60204,60159,1
2010,60321,60159,1
2016,60204,60159,1
2016,60321,60159,1
2004,60109,60175,1
2010,60109,60175,1
2016,60109,60175,1
2004,60400,60471,1
2010,60400,60471,1
2004,60309,60612,1
2010,60309,60612,1
2016,60309,60612,1
2004,61014,61001,1
2010,61014,61001,1
2016,61014,61001,1
2004,61202,61006,1
2010,61202,61006,1
2016,61203,61006,1
2004,61600,61168,1
2004,61104,61169,1
2010,61104,61169,1
2016,61104,61169,1
2004,61305,61214,1
2010,61305,61214,1
2016,61305,61214,1
2004,62022,62041,1
2010,62012,62041,1
2010,62022,62041,1
2016,62012,62041,1
2016,62022,62041,1
2004,62260,62048,1
2004,62404,62119,1
2004,62408,62119,1
2010,62404,62119,1
2010,62408,62119,1
2016,62404,62119,1
2016,62408,62119,1
2004,62321,62160,1
2010,62321,62160,1
2016,62321,62160,1
2004,62107,62193,1
2010,62107,62193,1
2016,62107,62193,1
2010,62460,62270,1
2016,62460,62270,1
2004,62302,62498,1
2010,62302,62498,1
2016,62307,62498,1
2004,62800,62510,1
2010,62800,62510,1
2016,62800,62510,1
2004,62180,62688,1
2010,62180,62688,1
2016,62180,62688,1
2004,62223,62744,1
2004,62222,62758,1
2010,62280,62758,1
2016,62280,62758,1
2004,62505,62765,1
2010,62505,62765,1
2016,62505,62765,1
2004,63600,63003,1
2004,63110,63032,1
2010,63110,63032,1
2016,63110,63032,1
2004,63058,63113,1
2010,63003,63113,1
2016,63003,63113,1
2010,63503,63178,1
2016,63503,63178,1
2004,63200,63300,1
2004,63307,63430,1
2010,63307,63430,1
2016,63307,63430,1
2004,64100,64102,1
2004,64109,64102,1
2004,64115,64102,1
2010,64100,64102,1
2010,64109,64102,1
2016,64100,64102,1
2016,64109,64102,1
2004,64403,64422,1
2010,64403,64422,1
2016,64403,64422,1
2016,64404,64422,1
2004,64301,64430,1
2010,64301,64430,1
2004,64046,64445,1
2004,64075,64445,1
2010,64046,64445,1
2010,64075,64445,1
2016,64046,64445,1
2016,64075,64445,1
2004,64500,64483,1
2004,64120,64493,1
2010,64120,64493,1
2016,64120,64493,1
2004,65308,65258,1
2010,65300,65258,1
2016,65300,65258,1
2004,65100,65286,1
2010,65100,65286,1
2016,65107,65286,1
2004,65000,65440,1
2004,65013,65440,1
2010,65000,65440,2
2016,65000,65440,1
2016,65013,65440,1
2004,66012,66136,1
2004,66046,66136,1
2004,66100,66136,1
2010,66012,66136,1
2010,66046,66136,1
2010,66100,66136,1
2016,66012,66136,1
2016,66046,66136,1
2016,66100,66136,1
2004,67504,67180,1
2010,67504,67180,1
2016,67504,67180,1
2004,67340,67222,1
2004,67211,67348,1
2004,67703,67437,1
2010,67703,67437,1
2016,67703,67437,1
2004,67303,67447,1
2010,67303,67447,1
2016,67303,67447,1
2004,67604,67462,1
2010,67604,67462,1
2016,67606,67462,1
2004,67082,67482,1
2004,67085,67482,1
2004,67091,67482,1
2004,67098,67482,1
2010,67082,67482,1
2010,67085,67482,1
2010,67098,67482,1
2016,67082,67482,1
2016,67085,67482,1
2016,67098,67482,1
2004,67166,67544,1
2010,67166,67544,1
2016,67166,67544,1
2004,68134,68004,1
2010,68134,68004,1
2016,68134,68004,1
2004,68003,68066,1
2004,68020,68066,1
2010,68003,68066,1
2010,68020,68066,1
2016,68003,68066,1
2016,68020,68066,1
2004,68051,68224,1
2004,68054,68224,1
2004,68067,68224,1
2010,68051,68224,1
2010,68054,68224,1
2010,68067,68224,1
2016,68051,68224,2
2016,68054,68224,1
2004,68300,68297,1
2010,68300,68297,1
2016,68300,68297,1
2004,68800,68334,1
2010,68800,68334,1
2016,68802,68334,1
2004,69593,69010,1
2004,69400,69013,1
2010,69400,69013,1
2016,69400,69013,1
2010,69500,69029,1
2016,69677,69029,1
2004,69130,69081,1
2010,69130,69081,1
2016,69130,69081,1
2004,69700,69091,1
2010,69700,69091,1
2016,69700,69091,1
2004,69400,69092,1
2010,69400,69092,1
2016,69400,69092,1
2004,69310,69152,1
2010,69310,69152,1
2016,69310,69152,1
2004,69560,69189,1
2004,69110,69202,1
2010,69110,69202,1
2016,69110,69202,1
2004,69173,69243,1
2010,69173,69243,1
2004,69120,69256,1
2010,69120,69256,1
2016,69120,69256,1
2004,69694,69259,1
2010,69200,69259,1
2016,69694,69259,1
2004,69655,69264,1
2004,69626,69266,1
2010,69626,69266,1
2016,69626,69266,1
2004,69150,69275,1
2004,69140,69286,1
2010,69165,69286,1
2016,69140,69286,1
2004,69800,69290,1
2004,69437,69383,1
2004,69317,69384,1
2010,69317,69384,1
2016,69317,69384,1
2004,69365,69387,1
2010,69365,69387,1
2016,69365,69387,1
2004,69008,69388,1
2016,69008,69388,1
2004,70104,70279,1
2004,70306,70311,1
2004,70014,70550,1
2010,70014,70550,1
2016,70014,70550,1
2004,71407,71014,1
2010,71407,71014,1
2016,71400,71014,1
2004,71321,71076,1
2010,71321,71076,1
2016,71321,71076,1
2004,71206,71153,1
2010,71206,71153,1
2016,71206,71153,1
2004,71018,71270,1
2010,71018,71270,1
2016,71018,71270,1
2004,71307,71306,1
2016,71307,71306,1
2004,71604,71342,1
2010,71604,71342,1
2016,71600,71342,1
2016,72200,72022,1
2004,72205,72154,1
2010,72205,72154,1
2004,72037,72181,1
2004,72100,72181,1
2010,72037,72181,1
2010,72100,72181,1
2016,72037,72181,1
2016,72100,72181,1
2004,72305,72264,1
2004,73105,73008,1
2010,73106,73008,1
2004,73208,73011,1
2010,73208,73011,1
2016,73208,73011,1
2004,73704,73054,1
2010,73704,73054,1
2016,73704,73054,1
2004,73011,73065,1
2010,73011,73065,1
2016,73011,73065,1
2004,73300,73248,1
2010,73300,73248,1
2016,73303,73248,1
2004,74000,74010,1
2004,74011,74010,1
2010,74000,74010,1
2016,74000,74010,1
2004,74100,74012,1
2004,74105,74012,1
2010,74100,74012,1
2010,74105,74012,1
2016,74100,74012,1
2004,74400,74056,1
2004,74300,74081,1
2016,74130,74087,1
2010,74374,74217,1
2016,74374,74217,1
2004,74164,74243,1
2010,74164,74243,1
2016,74164,74243,1
2004,74700,74256,1
2010,74700,74256,1
2016,74700,74256,1
2004,74203,74281,1
2010,74203,74281,1
2016,74203,74281,1
2004,75475,75110,1
2010,75475,75110,1
2016,75475,75110,2
2004,75011,75111,1
2004,75543,75111,1
2010,75011,75111,1
2016,75011,75111,1
2004,75012,75112,4
2010,75012,75112,1
2010,75571,75112,2
2016,75571,75112,3
2004,75013,75113,3
2010,75013,75113,2
2016,75013,75113,1
2016,75651,75113,1
2004,75014,75114,2
2004,75674,75114,2
2010,75014,75114,1
2010,75674,75114,2
2010,75679,75114,1
2016,75674,75114,2
2016,75679,75114,1
2004,75015,75115,2
2004,75730,75115,1
2010,75015,75115,1
2010,75743,75115,1
2016,75015,75115,1
2016,75743,75115,1
2004,75016,75116,1
2010,75116,75116,1
2016,75016,75116,1
2004,75017,75117,1
2010,75017,75117,1
2016,75017,75117,1
2004,75018,75118,1
2010,75877,75118,1
2016,75877,75118,1
2004,75019,75119,1
2010,75019,75119,1
2016,75019,75119,1
2004,75020,75120,1
2010,75970,75120,1
2016,75970,75120,1
2004,76200,76217,1
2004,76202,76217,1
2010,76202,76217,1
2016,76202,76217,1
2004,76503,76231,1
2010,76503,76231,1
2016,76503,76231,1
2004,76405,76259,1
2010,76405,76259,1
2016,76405,76259,1
2004,76700,76341,1
2004,76083,76351,1
2010,76620,76351,1
2016,76090,76351,1
2016,76620,76351,1
2004,76170,76384,1
2010,76170,76384,1
2016,76170,76384,1
2004,76290,76447,1
2010,76290,76447,1
2016,76290,76447,1
2004,76131,76451,1
2010,76131,76451,1
2016,76137,76451,1
2004,76038,76540,1
2004,76175,76540,1
2010,76031,76540,1
2010,76175,76540,1
2016,76031,76540,1
2016,76175,76540,1
2010,76550,76565,1
2016,76550,76565,1
2004,77177,77055,1
2010,77177,77055,1
2004,77120,77131,1
2010,77527,77131,1
2016,77527,77131,1
2004,77300,77186,2
2010,77300,77186,2
2016,77300,77186,1
2016,77305,77186,1
2016,77600,77237,1
2004,77405,77243,1
2010,77405,77243,1
2004,77104,77284,1
2010,77104,77284,1
2016,77100,77284,1
2004,77000,77288,2
2010,77000,77288,2
2016,77011,77288,1
2004,77130,77305,1
2010,77130,77305,1
2016,77875,77305,1
2004,77488,77379,1
2010,77488,77379,1
2016,77488,77379,1
2004,77220,77470,1
2010,77220,77470,1
2016,77220,77470,1
2004,78150,78158,1
2010,78150,78158,2
2016,78150,78158,1
2016,78157,78158,1
2004,78201,78361,1
2010,78201,78361,1
2016,78201,78361,1
2004,78250,78401,1
2010,78250,78401,1
2016,78250,78401,1
2004,78303,78498,1
2010,78300,78498,1
2010,78303,78498,1
2016,78300,78498,1
2016,78303,78498,1
2004,78514,78517,1
2010,78514,78517,1
2016,78514,78517,1
2004,78100,78551,1
2010,78100,78551,1
2016,78100,78551,2
2004,78190,78621,1
2010,78190,78621,1
2016,78190,78621,1
2004,78000,78646,2
2004,78009,78646,1
2010,78009,78646,1
2016,78009,78646,1
2004,79302,79049,1
2010,79302,79049,1
2016,79302,79049,1
2004,79006,79191,1
2004,79021,79191,1
2010,79006,79191,1
2010,79021,79191,1
2016,79006,79191,1
2016,79021,79191,1
2004,80142,80001,1
2010,80142,80001,1
2016,80142,80001,1
2004,80039,80021,1
2004,80043,80021,1
2004,80054,80021,2
2010,80054,80021,2
2010,80094,80021,1
2016,80094,80021,1
2004,80600,80253,1
2010,80600,80253,1
2016,80600,80253,1
2004,80200,80620,1
2010,80201,80620,1
2016,80201,80620,1
2016,80480,80725,1
2004,81013,81004,1
2004,81030,81004,1
2010,81013,81004,1
2010,81030,81004,1
2016,81013,81004,1
2016,81030,81004,1
2004,81100,81065,1
2004,81108,81065,1
2010,81108,81065,1
2016,81108,81065,1
2004,81500,81140,1
2010,81500,81140,1
2016,81500,81140,1
2004,81207,81163,1
2010,81207,81163,1
2004,82013,82121,1
2004,82017,82121,2
2010,82013,82121,1
2010,82017,82121,2
2016,82013,82121,1
2016,82017,82121,2
2004,83177,83023,1
2010,83177,83023,1
2016,83175,83023,1
2004,83007,83050,1
2010,83007,83050,1
2016,83007,83050,1
2004,83608,83061,1
2010,83608,83061,1
2016,83608,83061,1
2004,83580,83065,1
2010,83580,83065,1
2016,83580,83065,1
2004,83407,83069,1
2010,83407,83069,1
2016,83407,83069,1
2004,83500,83126,1
2004,83507,83126,1
2010,83507,83126,1
2016,83500,83126,1
2004,83000,83137,1
2004,83056,83137,1
2004,83100,83137,1
2010,83000,83137,1
2010,83056,83137,1
2010,83100,83137,1
2016,83000,83137,1
2016,83056,83137,1
2016,83100,83137,1
2004,84405,84003,1
2010,84405,84003,1
2016,84405,84003,1
2004,84023,84007,1
2004,84902,84007,1
2010,84036,84007,1
2010,84902,84007,1
2016,84000,84007,1
2016,84902,84007,1
2004,84208,84031,1
2010,84208,84031,1
2016,84208,84031,1
2004,84304,84035,1
2010,84304,84035,1
2016,84304,84035,1
2004,84106,84087,1
2010,84106,84087,1
2016,84104,84087,1
2004,84123,84089,1
2010,84120,84089,1
2016,84123,84089,1
2004,84600,84138,1
2004,85302,85047,1
2010,85302,85047,1
2016,85302,85047,1
2004,85201,85092,1
2010,85201,85092,1
2016,85200,85092,1
2004,85407,85128,1
2010,85407,85128,1
2004,85602,85146,1
2010,85602,85146,1
2016,85340,85166,1
2004,85016,85191,1
2004,85025,85191,1
2010,85016,85191,1
2010,85925,85191,1
2016,85016,85191,1
2016,85925,85191,1
2004,85119,85194,1
2010,85100,85194,1
2004,86100,86066,1
2004,86106,86066,1
2010,86106,86066,1
2016,86106,86066,1
2004,86000,86194,1
2004,86021,86194,1
2010,86000,86194,1
2010,86021,86194,1
2016,86000,86194,1
2016,86021,86194,1
2004,87038,87085,1
2004,87042,87085,1
2004,87100,87085,1
2010,87038,87085,1
2010,87042,87085,1
2016,87000,87085,1
2016,87038,87085,1
2004,87205,87154,1
2010,87205,87154,1
2016,87205,87154,1
2004,88021,88160,1
2004,88051,88160,1
2010,88021,88160,1
2010,88051,88160,1
2016,88021,88160,1
2016,88060,88160,1
2004,88407,88196,1
2010,88407,88196,1
2004,88307,88321,1
2010,88307,88321,1
2016,88307,88321,1
2004,88204,88383,1
2010,88204,88383,1
2016,88204,88383,1
2004,88187,88413,1
2010,88187,88413,1
2016,88187,88413,1
2004,89000,89024,1
2004,89011,89024,1
2010,89011,89024,1
2016,89011,89024,1
2004,89306,89206,1
2010,89306,89206,1
2004,89108,89387,1
2010,89108,89387,1
2016,89108,89387,1
2004,90016,90010,1
2010,90016,90010,1
2016,90016,90010,1
2004,91294,91021,1
2010,91294,91021,1
2016,91294,91021,1
2004,91200,91027,1
2010,91205,91027,1
2016,91205,91027,1
2004,91106,91174,1
2016,91100,91174,1
2004,91415,91200,1
2010,91415,91200,1
2004,91150,91223,1
2010,91150,91223,1
2016,91152,91223,1
2004,91014,91228,1
2004,91024,91228,1
2004,91035,91228,1
2010,91014,91228,1
2010,91035,91228,1
2016,91024,91228,1
2016,91035,91228,1
2004,91265,91326,1
2004,91160,91345,1
2004,91164,91345,1
2010,91160,91345,1
2010,91164,91345,1
2016,91160,91345,2
2004,91300,91377,1
2010,91300,91377,1
2016,91300,91377,1
2004,91401,91471,1
2010,91406,91471,1
2016,91401,91471,1
2004,91480,91514,1
2016,91480,91514,1
2004,92160,92002,1
2010,92160,92002,1
2016,92160,92002,1
2004,92340,92014,1
2010,92340,92014,1
2004,92140,92023,1
2010,92140,92023,1
2016,92140,92023,1
2004,92110,92024,1
2010,92118,92024,1
2016,92118,92024,1
2004,92701,92025,1
2010,92701,92025,1
2016,92701,92025,1
2016,92400,92026,1
2004,92250,92035,1
2010,92250,92035,1
2016,92250,92035,1
2004,92300,92044,1
2010,92309,92044,1
2016,92309,92044,1
2004,92360,92048,1
2010,92360,92048,1
2016,92360,92048,1
2004,92014,92050,1
2010,92014,92050,1
2016,92014,92050,1
2004,92200,92051,2
2004,92202,92051,1
2010,92200,92051,1
2010,92202,92051,1
2010,92205,92051,1
2016,92200,92051,1
2016,92202,92051,1
2016,92205,92051,1
2004,92500,92063,1
2010,92500,92063,1
2016,92500,92063,1
2004,92211,92064,1
2010,92211,92064,1
2016,92210,92064,1
2004,92310,92072,1
2004,92151,92073,1
2010,92151,92073,1
2016,92151,92073,1
2010,93308,93001,1
2016,93308,93001,1
2004,93602,93005,1
2010,93602,93005,1
2016,93602,93005,1
2004,93170,93006,1
2016,93170,93006,1
2004,93156,93007,1
2010,93156,93007,1
2016,93156,93007,1
2016,93009,93008,1
2004,93143,93010,1
2010,93143,93010,1
2016,93143,93010,1
2004,93700,93029,1
2004,93800,93031,1
2004,93260,93045,1
2010,93260,93045,1
2016,93260,93045,1
2004,93190,93046,1
2016,93190,93046,1
2004,93370,93047,1
2010,93370,93047,1
2016,93370,93047,1
2004,93105,93048,1
2010,93105,93048,1
2016,93100,93048,1
2004,93160,93051,1
2010,93110,93064,1
2004,93205,93066,1
2010,93205,93066,1
2016,93205,93066,1
2004,93240,93072,1
2010,93245,93072,1
2016,93245,93072,1
2004,93290,93073,1
2010,93290,93073,1
2016,93290,93073,1
2004,94140,94002,1
2004,94366,94015,1
2010,94360,94015,1
2010,94366,94015,1
2016,94360,94015,1
2004,94500,94017,1
2010,94500,94017,1
2016,94500,94017,1
2004,94220,94018,1
2004,94010,94028,1
2010,94010,94028,1
2016,94010,94028,1
2004,94206,94041,1
2004,94270,94043,1
2010,94275,94043,1
2016,94275,94043,1
2004,94130,94052,1
2010,94130,94052,1
2016,94130,94052,1
2004,94160,94067,1
2010,94163,94067,1
2010,94100,94068,1
2016,94100,94068,1
2004,94410,94069,1
2010,94410,94069,1
2016,94410,94069,1
2004,94195,94078,1
2010,94195,94078,1
2016,94195,94078,1
2004,94408,94081,1
2010,94408,94081,1
2016,94408,94081,1
2004,95107,95018,1
2010,95107,95018,1
2016,95107,95018,1
2004,95260,95052,1
2010,95260,95052,1
2016,95260,95052,1
2016,95870,95063,1
2004,95240,95176,1
2010,95240,95176,1
2016,95602,95203,1
2004,95880,95210,1
2004,95120,95219,1
2010,95124,95219,1
2016,95124,95219,1
2004,95503,95277,1
2010,95503,95277,1
2016,95503,95277,1
2004,95290,95313,1
2010,95290,95313,1
2016,95290,95313,1
2010,95160,95428,1
2004,95300,95500,1
2010,95300,95500,1
2016,95300,95500,1
2004,95200,95585,1
2010,95200,95585,1
2016,95200,95585,1
2004,95230,95598,1
